{
  "baseline": {
    "ckpt": "checkpoints/baseline_epoch69.pt",
    "mbo_i": 0.368248444711224,
    "mbo_c": 0.4005614456345771,
    "fg_ari": 0.2122621465598285,
    "fg_ari_per_step": [
      0.2122621465598285
    ],
    "n_steps": 8
  },
  "trm": {
    "ckpt": "checkpoints/trm_epoch39.pt",
    "mbo_i": 0.3814155926271881,
    "mbo_c": 0.4148830476561537,
    "fg_ari": 0.21270821456643335,
    "fg_ari_per_step": [
      0.2096448807140479,
      0.21180866065859247,
      0.21137517638724942,
      0.21119918563184154,
      0.21116002956432844,
      0.21189746647392316,
      0.2119671664677979,
      0.21270821456643335
    ],
    "n_steps": 8
  },
  "coupled": {
    "ckpt": "checkpoints/coupled_epoch39.pt",
    "mbo_i": 0.3766439653228217,
    "mbo_c": 0.4096717753761697,
    "fg_ari": 0.21984153095030357,
    "fg_ari_per_step": [
      0.21168627103669624,
      0.21471005242984845,
      0.21804609691501783,
      0.21894858181721766,
      0.2189928225849364,
      0.21895332521062968,
      0.21768999904197733,
      0.21984153095030357
    ],
    "n_steps": 8
  }
}