{
  "ours": {
    "baseline": {
      "mbo_i": 0.37090996770915224,
      "mbo_c": 0.4036037079504354,
      "fg_ari": 0.21166627254620463,
      "fg_ari_per_step": [
        0.21166627254620463
      ]
    },
    "trm": {
      "mbo_i": 0.3824958592833888,
      "mbo_c": 0.4149042553889881,
      "fg_ari": 0.22179428171878138,
      "fg_ari_per_step": [
        0.2185465757125412,
        0.2199141860230067,
        0.22133158271443568,
        0.22202265528619103,
        0.22127500870197975,
        0.22119488848243113,
        0.2224882458952559,
        0.22179428171878138
      ]
    },
    "coupled": {
      "mbo_i": 0.37951171461933975,
      "mbo_c": 0.41138519440003385,
      "fg_ari": 0.21956518564700167,
      "fg_ari_per_step": [
        0.21699484714911146,
        0.21960726009282944,
        0.21936892223867085,
        0.21950616890323155,
        0.21964749942169448,
        0.21806770497045713,
        0.21885845394463443,
        0.21956518564700167
      ]
    }
  },
  "reference": {
    "DINOSAUR (reported)": {
      "mbo_i": 39.3,
      "mbo_c": 40.8,
      "fg_ari": 24.6
    },
    "DINOSAUR (reproduction)": {
      "mbo_i": 39.1,
      "mbo_c": 42.9,
      "fg_ari": 26.1
    }
  }
}