{
  "baseline": {
    "ckpt": "checkpoints/coco/baseline_epoch29.pt",
    "mbo_i": 0.22924826282972388,
    "mbo_c": 0.28467945545963397,
    "fg_ari": 0.42752884520899875,
    "fg_ari_per_step": [
      0.42752884520899875
    ],
    "n_steps": 8
  },
  "trm": {
    "ckpt": "checkpoints/coco/trm_epoch29.pt",
    "mbo_i": 0.2531774202937044,
    "mbo_c": 0.31080464661369384,
    "fg_ari": 0.46910965582528963,
    "fg_ari_per_step": [
      0.40234297075542136,
      0.4462425951331032,
      0.4592652850466083,
      0.46447591189662263,
      0.46546070505720183,
      0.46676172852302933,
      0.46829946232507835,
      0.46910965582528963
    ],
    "n_steps": 8
  },
  "coupled": {
    "ckpt": "checkpoints/coco/coupled_epoch29.pt",
    "mbo_i": 0.24986934222411106,
    "mbo_c": 0.3091567074640704,
    "fg_ari": 0.47195571640514716,
    "fg_ari_per_step": [
      0.4156325625609552,
      0.4513431295049307,
      0.4634440065122229,
      0.4669335691216502,
      0.4689358103809293,
      0.47063308457820174,
      0.4710603737304031,
      0.47195571640514716
    ],
    "n_steps": 8
  }
}