{
  "dataset": "coco",
  "seeds": [
    0,
    1,
    2
  ],
  "ours": {
    "baseline": {
      "ckpt": "checkpoints/coco/baseline_epoch29.pt",
      "n_seeds": 3,
      "mbo_i": 0.229087082779818,
      "mbo_i_std": 0.000796682468686391,
      "mbo_c": 0.28562202395461184,
      "mbo_c_std": 0.0011924460777439376,
      "fg_ari": 0.42516648224272835,
      "fg_ari_std": 0.0017685850317427448,
      "fg_ari_per_step": [
        0.42272455822474775
      ]
    },
    "mlp_block": {
      "ckpt": "checkpoints/coco/mlp_block_epoch29.pt",
      "n_seeds": 3,
      "mbo_i": 0.2499155881822778,
      "mbo_i_std": 0.0007714190142435839,
      "mbo_c": 0.3215241117789936,
      "mbo_c_std": 0.0007613913460851403,
      "fg_ari": 0.44647594378868916,
      "fg_ari_std": 0.003036216040590004,
      "fg_ari_per_step": [
        0.4425076376175714
      ]
    },
    "trm": {
      "ckpt": "checkpoints/coco/trm_epoch29.pt",
      "n_seeds": 3,
      "mbo_i": 0.252077891173279,
      "mbo_i_std": 0.00018985435468837583,
      "mbo_c": 0.3096000849098619,
      "mbo_c_std": 0.0008263319646417358,
      "fg_ari": 0.46728585996484245,
      "fg_ari_std": 0.0008138098263467696,
      "fg_ari_per_step": [
        0.40391051382650994,
        0.4458641887962176,
        0.4577092466607286,
        0.46349010210200775,
        0.4662691439960205,
        0.46729984351742904,
        0.4678365186859128,
        0.4684006153808759
      ]
    },
    "coupled": {
      "ckpt": "checkpoints/coco/coupled_epoch29.pt",
      "n_seeds": 3,
      "mbo_i": 0.25050174511813833,
      "mbo_i_std": 0.00016991985122318028,
      "mbo_c": 0.3090362412998826,
      "mbo_c_std": 0.0002984178917261507,
      "fg_ari": 0.47199893352054906,
      "fg_ari_std": 0.0012950977630343966,
      "fg_ari_per_step": [
        0.4148501104551528,
        0.45230899994921747,
        0.46575600939160144,
        0.4682975901989387,
        0.47053200585896543,
        0.4709291275725795,
        0.47178184746560337,
        0.4723659336617431
      ]
    },
    "trm_t1": {
      "ckpt": "checkpoints/coco/trm_t1_epoch29.pt",
      "n_seeds": 3,
      "mbo_i": 0.2574009294643343,
      "mbo_i_std": 5.204450813913582e-05,
      "mbo_c": 0.3284008185474407,
      "mbo_c_std": 0.0003567746299522183,
      "fg_ari": 0.45896234557988674,
      "fg_ari_std": 0.0001553524477928483,
      "fg_ari_per_step": [
        0.45909718395935223
      ]
    }
  },
  "reference": {
    "DINOSAUR (reported, full COCO)": {
      "mbo_i": 26.1,
      "mbo_c": 30.0,
      "fg_ari": 39.4
    },
    "DINOSAUR (reproduction, full COCO)": {
      "mbo_i": 28.0,
      "mbo_c": 31.7,
      "fg_ari": 40.2
    }
  }
}